{"cameraMode":{"drawMode":0,"name":"Shaded","section":"Shading Mode"},"sceneLighting":true,"audioPlay":false,"sceneViewState":{"showFog":true,"showMaterialUpdate":false,"showSkybox":true,"showFlares":true,"showImageEffects":true,"showParticleSystems":true},"in2DMode":false,"pivot":{"x":0.09882688522338867,"y":-0.45865869522094729,"z":-2.431607723236084},"rotation":{"x":0.3009449541568756,"y":0.11011811345815659,"z":-0.03500531241297722,"w":0.9466153979301453},"size":32.57466506958008,"orthographic":false}